tRF ID, Organism, Type, tRNA Gene Co-ordinates, tRNA Name, Experiment Info (Experiment-Abundance-Source), tRNA Sequence, tRF Map Positions, tRF Sequence
1001, mouse, trf-1, chr10-62892305-62892224, chr10.trna1095-SerTGA, GSM314552-7-Mouse-Embryonic-Stem-cell;GSM314553-3-Mouse-Embryonic-Stem-cell-dcr--;GSM314557-5-Mouse-Embryonic-Stem-cell-dgcr8--;GSM416611-3-NIH3T3;GSM416732-5-MEF;GSM510432-0-GSM510432toGSM510435-Mouse-ovary;GSM51043-0-GSM51043toGSM510439-Mouse-testes;GSM510440-0-GSM510440toGSM510444-Mouse-brain;GSM510445-11-GSM510445toGSM510456_Mouse-Newborn;GSM510457-3-GSM510457toGSM510460_Mouse-Embryo-12.5days;GSM510461-5-GSM510461toGSM510464_Mouse-Embryo-9.5days;GSM510465-4-GSM510465toGSM510468_Mouse-Embryo-7.5days;GSM849855-0-NIH3T3-withoutAGO2IP;GSM849857-0-NIH3T3-AGO2IP;, 5' GGGGATGTAGCTCAGTGGTAGAGCGCGCGCTTCGCATGTGTGAGGTCCCGGGTTCAATCCCCGGCATCTCCAGAAGCGGGTGCTTCACTTTT 3', Start:73 - End:92, GAAGCGGGTGCTTCACTTTT 
1002, mouse, trf-1, chr10-79711904-79711977, chr10.trna381-AsnGTT, GSM314552-109-Mouse-Embryonic-Stem-cell;GSM314553-73-Mouse-Embryonic-Stem-cell-dcr--;GSM314557-62-Mouse-Embryonic-Stem-cell-dgcr8--;GSM416611-103-NIH3T3;GSM416732-109-MEF;GSM510432-0-GSM510432toGSM510435-Mouse-ovary;GSM51043-0-GSM51043toGSM510439-Mouse-testes;GSM510440-0-GSM510440toGSM510444-Mouse-brain;GSM510445-1-GSM510445toGSM510456_Mouse-Newborn;GSM510457-2-GSM510457toGSM510460_Mouse-Embryo-12.5days;GSM510461-1-GSM510461toGSM510464_Mouse-Embryo-9.5days;GSM510465-2-GSM510465toGSM510468_Mouse-Embryo-7.5days;GSM849855-0-NIH3T3-withoutAGO2IP;GSM849857-0-NIH3T3-AGO2IP;, 5' GGGGATGTAGCTCAGTGGTAGAGCGCATGCTTTGCATGTATGAGGCCCCGGGTTCGATCCCCGGCATCTCCAACCACAGCGACTTTT 3', Start:73 - End:87, ACCACAGCGACTTTT 
1003, mouse, trf-1, chr11-68876625-68876544, chr11.trna1821-SerGCT, GSM314552-0-Mouse-Embryonic-Stem-cell;GSM314553-0-Mouse-Embryonic-Stem-cell-dcr--;GSM314557-0-Mouse-Embryonic-Stem-cell-dgcr8--;GSM416611-3-NIH3T3;GSM416732-4-MEF;GSM510432-0-GSM510432toGSM510435-Mouse-ovary;GSM51043-0-GSM51043toGSM510439-Mouse-testes;GSM510440-0-GSM510440toGSM510444-Mouse-brain;GSM510445-0-GSM510445toGSM510456_Mouse-Newborn;GSM510457-0-GSM510457toGSM510460_Mouse-Embryo-12.5days;GSM510461-0-GSM510461toGSM510464_Mouse-Embryo-9.5days;GSM510465-0-GSM510465toGSM510468_Mouse-Embryo-7.5days;GSM849855-0-NIH3T3-withoutAGO2IP;GSM849857-0-NIH3T3-AGO2IP;, 5' GGCCGCGTGGCCTAATGGATAAGGCGTCTGATTCCGGATCAGAAGATTGGGGGTTCGAGTCCCTTCGTGGTCGTCTGTAGCTTATAAGGTCTACATTCAGTTTT 3', Start:74 - End:104, TCTGTAGCTTATAAGGTCTACATTCAGTTTT 
1004, mouse, trf-1, chr11-106874180-106874252, chr11.trna945-ArgCCG, GSM314552-1-Mouse-Embryonic-Stem-cell;GSM314553-0-Mouse-Embryonic-Stem-cell-dcr--;GSM314557-1-Mouse-Embryonic-Stem-cell-dgcr8--;GSM416611-0-NIH3T3;GSM416732-0-MEF;GSM510432-0-GSM510432toGSM510435-Mouse-ovary;GSM51043-0-GSM51043toGSM510439-Mouse-testes;GSM510440-0-GSM510440toGSM510444-Mouse-brain;GSM510445-0-GSM510445toGSM510456_Mouse-Newborn;GSM510457-0-GSM510457toGSM510460_Mouse-Embryo-12.5days;GSM510461-0-GSM510461toGSM510464_Mouse-Embryo-9.5days;GSM510465-0-GSM510465toGSM510468_Mouse-Embryo-7.5days;GSM849855-0-NIH3T3-withoutAGO2IP;GSM849857-0-NIH3T3-AGO2IP;, 5' GGGCCAGTGGCGCAATGGATAACGCGTCTGACTACGGATCAGAAGATTCTAGGTTCGACTCCTGGCTGGCTCGCATGGTCGTTCATTTT 3', Start:74 - End:89, CATGGTCGTTCATTTT 
1005, mouse, trf-1, chr11-48648002-48647931, chr11.trna2022-AlaTGC, GSM314552-8-Mouse-Embryonic-Stem-cell;GSM314553-5-Mouse-Embryonic-Stem-cell-dcr--;GSM314557-9-Mouse-Embryonic-Stem-cell-dgcr8--;GSM416611-2-NIH3T3;GSM416732-1-MEF;GSM510432-0-GSM510432toGSM510435-Mouse-ovary;GSM51043-1-GSM51043toGSM510439-Mouse-testes;GSM510440-0-GSM510440toGSM510444-Mouse-brain;GSM510445-1-GSM510445toGSM510456_Mouse-Newborn;GSM510457-15-GSM510457toGSM510460_Mouse-Embryo-12.5days;GSM510461-10-GSM510461toGSM510464_Mouse-Embryo-9.5days;GSM510465-9-GSM510465toGSM510468_Mouse-Embryo-7.5days;GSM849855-0-NIH3T3-withoutAGO2IP;GSM849857-0-NIH3T3-AGO2IP;, 5' GACCCAGTGGCCTAATGGATAAGGCATCAGCCTCCGGAGCTGGGGATTGTGGGTTCGAGTCCCATCTGGGTCGAACGGCTACCGCCTACCTTTT 3', Start:74 - End:94, AACGGCTACCGCCTACCTTTT 
1006, mouse, trf-1, chr1-173599570-173599642, chr1.trna717-HisATG, GSM314552-50-Mouse-Embryonic-Stem-cell;GSM314553-106-Mouse-Embryonic-Stem-cell-dcr--;GSM314557-81-Mouse-Embryonic-Stem-cell-dgcr8--;GSM416611-34-NIH3T3;GSM416732-25-MEF;GSM510432-19-GSM510432toGSM510435-Mouse-ovary;GSM51043-1-GSM51043toGSM510439-Mouse-testes;GSM510440-8-GSM510440toGSM510444-Mouse-brain;GSM510445-6-GSM510445toGSM510456_Mouse-Newborn;GSM510457-33-GSM510457toGSM510460_Mouse-Embryo-12.5days;GSM510461-3-GSM510461toGSM510464_Mouse-Embryo-9.5days;GSM510465-18-GSM510465toGSM510468_Mouse-Embryo-7.5days;GSM849855-14-NIH3T3-withoutAGO2IP;GSM849857-10-NIH3T3-AGO2IP;, 5' GGCCGCGTGGCCTAATGGATAAGGCGTCTGACTTCGGATCAGAAGATTGCAGGTTCGAGTCCTGCCGCGGTCGTTGGGACTGGTACTCCTTTATT 3', Start:74 - End:95, TTGGGACTGGTACTCCTTTATT 
1007, mouse, trf-1, chr11-79518152-79518223, chr11.trna550-ThrCGT, GSM314552-19-Mouse-Embryonic-Stem-cell;GSM314553-22-Mouse-Embryonic-Stem-cell-dcr--;GSM314557-35-Mouse-Embryonic-Stem-cell-dgcr8--;GSM416611-0-NIH3T3;GSM416732-17-MEF;GSM510432-0-GSM510432toGSM510435-Mouse-ovary;GSM51043-1-GSM51043toGSM510439-Mouse-testes;GSM510440-1-GSM510440toGSM510444-Mouse-brain;GSM510445-5-GSM510445toGSM510456_Mouse-Newborn;GSM510457-23-GSM510457toGSM510460_Mouse-Embryo-12.5days;GSM510461-10-GSM510461toGSM510464_Mouse-Embryo-9.5days;GSM510465-15-GSM510465toGSM510468_Mouse-Embryo-7.5days;GSM849855-0-NIH3T3-withoutAGO2IP;GSM849857-0-NIH3T3-AGO2IP;, 5' GTCTCTGTGGCGCAATCGGTTAGCGCGTTCGGCTGTTAACCGAAAGGTTGGTGGTTCGAGCCCACCCAGGGACGGCGTTTGGAAGAGATATTTT 3', Start:75 - End:94, GCGTTTGGAAGAGATATTTT 
1008, mouse, trf-1, chr11-97658386-97658457, chr11.trna791-CysGCA, GSM314552-135-Mouse-Embryonic-Stem-cell;GSM314553-132-Mouse-Embryonic-Stem-cell-dcr--;GSM314557-114-Mouse-Embryonic-Stem-cell-dgcr8--;GSM416611-86-NIH3T3;GSM416732-130-MEF;GSM510432-5-GSM510432toGSM510435-Mouse-ovary;GSM51043-5-GSM51043toGSM510439-Mouse-testes;GSM510440-39-GSM510440toGSM510444-Mouse-brain;GSM510445-39-GSM510445toGSM510456_Mouse-Newborn;GSM510457-101-GSM510457toGSM510460_Mouse-Embryo-12.5days;GSM510461-56-GSM510461toGSM510464_Mouse-Embryo-9.5days;GSM510465-115-GSM510465toGSM510468_Mouse-Embryo-7.5days;GSM849855-9-NIH3T3-withoutAGO2IP;GSM849857-0-NIH3T3-AGO2IP;, 5' GTCTCTGTGGCGCAATCGGTTAGCGCGTTCGGCTGTTAACCGAAAGGTTGGTGGTTCGAGCCCACCCAGGGACGTGGTGGGTGCATATGTTTT 3', Start:75 - End:93, TGGTGGGTGCATATGTTTT 
1009, mouse, trf-1, chr11-97849631-97849560, chr11.trna1433-CysGCA, GSM314552-38-Mouse-Embryonic-Stem-cell;GSM314553-25-Mouse-Embryonic-Stem-cell-dcr--;GSM314557-50-Mouse-Embryonic-Stem-cell-dgcr8--;GSM416611-23-NIH3T3;GSM416732-32-MEF;GSM510432-2-GSM510432toGSM510435-Mouse-ovary;GSM51043-1-GSM51043toGSM510439-Mouse-testes;GSM510440-2-GSM510440toGSM510444-Mouse-brain;GSM510445-10-GSM510445toGSM510456_Mouse-Newborn;GSM510457-16-GSM510457toGSM510460_Mouse-Embryo-12.5days;GSM510461-8-GSM510461toGSM510464_Mouse-Embryo-9.5days;GSM510465-10-GSM510465toGSM510468_Mouse-Embryo-7.5days;GSM849855-2-NIH3T3-withoutAGO2IP;GSM849857-0-NIH3T3-AGO2IP;, 5' TCCTCGTTAGTATAGTGGTGAGTATCCCCGCCTGTCACGCGGGAGACCGGGGTTCGATTCCCCGACGGGGAGAGCAGGCTCACTCTTTT 3', Start:73 - End:89, AGCAGGCTCACTCTTTT 
1010, mouse, trf-1, chr13-21253274-21253346, chr13.trna60-PheGAA, GSM314552-14-Mouse-Embryonic-Stem-cell;GSM314553-8-Mouse-Embryonic-Stem-cell-dcr--;GSM314557-12-Mouse-Embryonic-Stem-cell-dgcr8--;GSM416611-3-NIH3T3;GSM416732-8-MEF;GSM510432-0-GSM510432toGSM510435-Mouse-ovary;GSM51043-0-GSM51043toGSM510439-Mouse-testes;GSM510440-0-GSM510440toGSM510444-Mouse-brain;GSM510445-1-GSM510445toGSM510456_Mouse-Newborn;GSM510457-4-GSM510457toGSM510460_Mouse-Embryo-12.5days;GSM510461-1-GSM510461toGSM510464_Mouse-Embryo-9.5days;GSM510465-2-GSM510465toGSM510468_Mouse-Embryo-7.5days;GSM849855-0-NIH3T3-withoutAGO2IP;GSM849857-0-NIH3T3-AGO2IP;, 5' GGGGGTATAGCTCAGTGGTAGAGCATTTGACTGCAGATCAAGAGGTCCCCGGTTCAAATCCGGGTGCCCCCTACCGCGTGCATTCCTTTT 3', Start:73 - End:90, ACCGCGTGCATTCCTTTT 
1011, mouse, trf-1, chr13-22003182-22003253, chr13.trna84-AspGTC, GSM314552-44-Mouse-Embryonic-Stem-cell;GSM314553-101-Mouse-Embryonic-Stem-cell-dcr--;GSM314557-72-Mouse-Embryonic-Stem-cell-dgcr8--;GSM416611-6-NIH3T3;GSM416732-9-MEF;GSM510432-0-GSM510432toGSM510435-Mouse-ovary;GSM51043-0-GSM51043toGSM510439-Mouse-testes;GSM510440-1-GSM510440toGSM510444-Mouse-brain;GSM510445-7-GSM510445toGSM510456_Mouse-Newborn;GSM510457-20-GSM510457toGSM510460_Mouse-Embryo-12.5days;GSM510461-12-GSM510461toGSM510464_Mouse-Embryo-9.5days;GSM510465-14-GSM510465toGSM510468_Mouse-Embryo-7.5days;GSM849855-27-NIH3T3-withoutAGO2IP;GSM849857-2-NIH3T3-AGO2IP;, 5' GGGGGTATAGCTCAGTGGTAGAGCATTTGACTGCAGATCAAGAGGTCCCCGGTTCAAATCCGGGTGCCCCCTTCTGGACACATGTGGCTTTT 3', Start:73 - End:92, TCTGGACACATGTGGCTTTT 
1012, mouse, trf-1, chr14-51708325-51708397, chr14.trna190-ThrTGT, GSM314552-7-Mouse-Embryonic-Stem-cell;GSM314553-18-Mouse-Embryonic-Stem-cell-dcr--;GSM314557-16-Mouse-Embryonic-Stem-cell-dgcr8--;GSM416611-6-NIH3T3;GSM416732-48-MEF;GSM510432-0-GSM510432toGSM510435-Mouse-ovary;GSM51043-0-GSM51043toGSM510439-Mouse-testes;GSM510440-0-GSM510440toGSM510444-Mouse-brain;GSM510445-1-GSM510445toGSM510456_Mouse-Newborn;GSM510457-2-GSM510457toGSM510460_Mouse-Embryo-12.5days;GSM510461-4-GSM510461toGSM510464_Mouse-Embryo-9.5days;GSM510465-1-GSM510465toGSM510468_Mouse-Embryo-7.5days;GSM849855-4-NIH3T3-withoutAGO2IP;GSM849857-0-NIH3T3-AGO2IP;, 5' GGGGGTATAGCTCAGTGGTAGAGCATTTGACTGCAGATCAAGAGGTCCCCGGTTCAAATCCGGGTGCCCCCTGAGTCTACCTAGACTTTT 3', Start:73 - End:90, GAGTCTACCTAGACTTTT 
1013, mouse, trf-1, chr17-23677882-23677953, chr17.trna83-ProCGG, GSM314552-0-Mouse-Embryonic-Stem-cell;GSM314553-0-Mouse-Embryonic-Stem-cell-dcr--;GSM314557-0-Mouse-Embryonic-Stem-cell-dgcr8--;GSM416611-1-NIH3T3;GSM416732-0-MEF;GSM510432-0-GSM510432toGSM510435-Mouse-ovary;GSM51043-0-GSM51043toGSM510439-Mouse-testes;GSM510440-0-GSM510440toGSM510444-Mouse-brain;GSM510445-0-GSM510445toGSM510456_Mouse-Newborn;GSM510457-0-GSM510457toGSM510460_Mouse-Embryo-12.5days;GSM510461-0-GSM510461toGSM510464_Mouse-Embryo-9.5days;GSM510465-0-GSM510465toGSM510468_Mouse-Embryo-7.5days;GSM849855-0-NIH3T3-withoutAGO2IP;GSM849857-0-NIH3T3-AGO2IP;, 5' GCCGTGATCGTATAGTGGTTAGTACTCTGCGTTGTGGCCGCAGCAACCTCGGTTCGAATCCGAGTCACGGCATGAATGGGGTCCAGTTTCCCAGTGTTTT 3', Start:73 - End:100, TGAATGGGGTCCAGTTTCCCAGTGTTTT 
1014, mouse, trf-1, chr17-23687302-23687230, chr17.trna994-ArgCCG, GSM314552-1-Mouse-Embryonic-Stem-cell;GSM314553-2-Mouse-Embryonic-Stem-cell-dcr--;GSM314557-3-Mouse-Embryonic-Stem-cell-dgcr8--;GSM416611-0-NIH3T3;GSM416732-3-MEF;GSM510432-0-GSM510432toGSM510435-Mouse-ovary;GSM51043-0-GSM51043toGSM510439-Mouse-testes;GSM510440-0-GSM510440toGSM510444-Mouse-brain;GSM510445-1-GSM510445toGSM510456_Mouse-Newborn;GSM510457-3-GSM510457toGSM510460_Mouse-Embryo-12.5days;GSM510461-0-GSM510461toGSM510464_Mouse-Embryo-9.5days;GSM510465-2-GSM510465toGSM510468_Mouse-Embryo-7.5days;GSM849855-0-NIH3T3-withoutAGO2IP;GSM849857-0-NIH3T3-AGO2IP;, 5' GCCGAGATCGTATAGTGGTTAGTACTCTGCATTGTGGCTGCAGCAACCTCGGTTCGAATCCGAGTCTCGGCACTGCGTGCATTTGCTTTT 3', Start:73 - End:90, CTGCGTGCATTTGCTTTT 
1015, mouse, trf-1, chr11-97850308-97850237, chr11.trna1432-CysGCA, GSM314552-0-Mouse-Embryonic-Stem-cell;GSM314553-0-Mouse-Embryonic-Stem-cell-dcr--;GSM314557-1-Mouse-Embryonic-Stem-cell-dgcr8--;GSM416611-1-NIH3T3;GSM416732-0-MEF;GSM510432-2-GSM510432toGSM510435-Mouse-ovary;GSM51043-0-GSM51043toGSM510439-Mouse-testes;GSM510440-0-GSM510440toGSM510444-Mouse-brain;GSM510445-0-GSM510445toGSM510456_Mouse-Newborn;GSM510457-1-GSM510457toGSM510460_Mouse-Embryo-12.5days;GSM510461-0-GSM510461toGSM510464_Mouse-Embryo-9.5days;GSM510465-0-GSM510465toGSM510468_Mouse-Embryo-7.5days;GSM849855-0-NIH3T3-withoutAGO2IP;GSM849857-0-NIH3T3-AGO2IP;, 5' TCCTCGTTAGTATAGTGGTGAGTATCCCCGCCTGTCACGCGGGAGACCGGGGTTCGATTCCCCGACGGGGAGCACGGCTACTTACCGTGTGTCCCTTTT 3', Start:73 - End:99, CACGGCTACTTACCGTGTGTCCCTTTT 
1016, mouse, trf-1, chr19-12086421-12086493, chr19.trna109-ValTAC, GSM314552-2-Mouse-Embryonic-Stem-cell;GSM314553-3-Mouse-Embryonic-Stem-cell-dcr--;GSM314557-3-Mouse-Embryonic-Stem-cell-dgcr8--;GSM416611-1-NIH3T3;GSM416732-0-MEF;GSM510432-0-GSM510432toGSM510435-Mouse-ovary;GSM51043-0-GSM51043toGSM510439-Mouse-testes;GSM510440-0-GSM510440toGSM510444-Mouse-brain;GSM510445-0-GSM510445toGSM510456_Mouse-Newborn;GSM510457-0-GSM510457toGSM510460_Mouse-Embryo-12.5days;GSM510461-0-GSM510461toGSM510464_Mouse-Embryo-9.5days;GSM510465-1-GSM510465toGSM510468_Mouse-Embryo-7.5days;GSM849855-2-NIH3T3-withoutAGO2IP;GSM849857-0-NIH3T3-AGO2IP;, 5' GGCCGGTTAGCTCAGTTGGTTAGAGCGTGGTGCTAATAACGCCAAGGTCGCGGGTTCGATCCCCGTACGGGCCACGTGGTGTGCTAGTTAATTTT 3', Start:75 - End:95, CGTGGTGTGCTAGTTAATTTT 
1017, mouse, trf-1, chr2-122203704-122203775, chr2.trna586-HisGTG, GSM314552-0-Mouse-Embryonic-Stem-cell;GSM314553-0-Mouse-Embryonic-Stem-cell-dcr--;GSM314557-0-Mouse-Embryonic-Stem-cell-dgcr8--;GSM416611-0-NIH3T3;GSM416732-2-MEF;GSM510432-0-GSM510432toGSM510435-Mouse-ovary;GSM51043-0-GSM51043toGSM510439-Mouse-testes;GSM510440-0-GSM510440toGSM510444-Mouse-brain;GSM510445-0-GSM510445toGSM510456_Mouse-Newborn;GSM510457-0-GSM510457toGSM510460_Mouse-Embryo-12.5days;GSM510461-0-GSM510461toGSM510464_Mouse-Embryo-9.5days;GSM510465-0-GSM510465toGSM510468_Mouse-Embryo-7.5days;GSM849855-0-NIH3T3-withoutAGO2IP;GSM849857-0-NIH3T3-AGO2IP;, 5' AGCAGAGTGGCGCAGCGGAAGCGTGCTGGGCCCATAACCCAGAGGTCGATGGATCGAAACCATCCTCTGCTATTGTGGCAACAATGGTACGGCAAGGGCGCCTTTT 3', Start:73 - End:106, TTGTGGCAACAATGGTACGGCAAGGGCGCCTTTT 
1018, mouse, trf-1, chr2-57034489-57034560, chr2.trna263-AlaCGC, GSM314552-14-Mouse-Embryonic-Stem-cell;GSM314553-33-Mouse-Embryonic-Stem-cell-dcr--;GSM314557-19-Mouse-Embryonic-Stem-cell-dgcr8--;GSM416611-0-NIH3T3;GSM416732-11-MEF;GSM510432-0-GSM510432toGSM510435-Mouse-ovary;GSM51043-0-GSM51043toGSM510439-Mouse-testes;GSM510440-1-GSM510440toGSM510444-Mouse-brain;GSM510445-0-GSM510445toGSM510456_Mouse-Newborn;GSM510457-159-GSM510457toGSM510460_Mouse-Embryo-12.5days;GSM510461-31-GSM510461toGSM510464_Mouse-Embryo-9.5days;GSM510465-102-GSM510465toGSM510468_Mouse-Embryo-7.5days;GSM849855-0-NIH3T3-withoutAGO2IP;GSM849857-0-NIH3T3-AGO2IP;, 5' GCCGAAATAGCTCAGTTGGGAGAGCGTTAGACTGAAGATCTAAAGGTCCCTGGTTCGATCCCGGGTTTCGGCAAGCAGCCGGAATTCTGTTTT 3', Start:74 - End:93, AGCAGCCGGAATTCTGTTTT 
1019, mouse, trf-1, chr3-19528782-19528870, chr3.trna28-TyrGTA, GSM314552-7-Mouse-Embryonic-Stem-cell;GSM314553-3-Mouse-Embryonic-Stem-cell-dcr--;GSM314557-8-Mouse-Embryonic-Stem-cell-dgcr8--;GSM416611-1-NIH3T3;GSM416732-13-MEF;GSM510432-0-GSM510432toGSM510435-Mouse-ovary;GSM51043-0-GSM51043toGSM510439-Mouse-testes;GSM510440-0-GSM510440toGSM510444-Mouse-brain;GSM510445-1-GSM510445toGSM510456_Mouse-Newborn;GSM510457-1-GSM510457toGSM510460_Mouse-Embryo-12.5days;GSM510461-0-GSM510461toGSM510464_Mouse-Embryo-9.5days;GSM510465-0-GSM510465toGSM510468_Mouse-Embryo-7.5days;GSM849855-0-NIH3T3-withoutAGO2IP;GSM849857-0-NIH3T3-AGO2IP;, 5' GGCTCGTTGGTCTAGGGGTATGATTCTCGCTTCGGGTGCGAGAGGTCCCGGGTTCAAATCCCGGACGAGCCCAAGAGCTTGCTATTTT 3', Start:73 - End:88, AAGAGCTTGCTATTTT 
1020, mouse, trf-1, chr3-90279853-90279782, chr3.trna792-MetCAT, GSM314552-91-Mouse-Embryonic-Stem-cell;GSM314553-79-Mouse-Embryonic-Stem-cell-dcr--;GSM314557-160-Mouse-Embryonic-Stem-cell-dgcr8--;GSM416611-23-NIH3T3;GSM416732-102-MEF;GSM510432-0-GSM510432toGSM510435-Mouse-ovary;GSM51043-1-GSM51043toGSM510439-Mouse-testes;GSM510440-2-GSM510440toGSM510444-Mouse-brain;GSM510445-0-GSM510445toGSM510456_Mouse-Newborn;GSM510457-56-GSM510457toGSM510460_Mouse-Embryo-12.5days;GSM510461-5-GSM510461toGSM510464_Mouse-Embryo-9.5days;GSM510465-30-GSM510465toGSM510468_Mouse-Embryo-7.5days;GSM849855-4-NIH3T3-withoutAGO2IP;GSM849857-0-NIH3T3-AGO2IP;, 5' GTAGTCGTGGCCGAGTGGTTAAGGCGATGGACTAGAAATCCATTGGGGTCTCCCCGCGCAGGTTCGAATCCTGCCGACTACGTCGGAGGCTTTGTTTT 3', Start:83 - End:98, TCGGAGGCTTTGTTTT 
1021, mouse, trf-1, chr3-96263134-96263061, chr3.trna750-AsnGTT, GSM314552-0-Mouse-Embryonic-Stem-cell;GSM314553-0-Mouse-Embryonic-Stem-cell-dcr--;GSM314557-0-Mouse-Embryonic-Stem-cell-dgcr8--;GSM416611-0-NIH3T3;GSM416732-8-MEF;GSM510432-0-GSM510432toGSM510435-Mouse-ovary;GSM51043-0-GSM51043toGSM510439-Mouse-testes;GSM510440-0-GSM510440toGSM510444-Mouse-brain;GSM510445-0-GSM510445toGSM510456_Mouse-Newborn;GSM510457-0-GSM510457toGSM510460_Mouse-Embryo-12.5days;GSM510461-0-GSM510461toGSM510464_Mouse-Embryo-9.5days;GSM510465-0-GSM510465toGSM510468_Mouse-Embryo-7.5days;GSM849855-0-NIH3T3-withoutAGO2IP;GSM849857-0-NIH3T3-AGO2IP;, 5' GACGAGGTGGCCGAGTGGTTAAGGCGATGGACTGCTAATCCATTGTGCTCTGCACGCGTGGGTTCGAATCCCATCCTCGTCGACAGACAGTTAGGCCTCACCTAGGCTTTT 3', Start:83 - End:111, ACAGACAGTTAGGCCTCACCTAGGCTTTT 
1022, mouse, trf-1, chr3-96267966-96267895, chr3.trna749-HisGTG, GSM314552-0-Mouse-Embryonic-Stem-cell;GSM314553-1-Mouse-Embryonic-Stem-cell-dcr--;GSM314557-1-Mouse-Embryonic-Stem-cell-dgcr8--;GSM416611-0-NIH3T3;GSM416732-0-MEF;GSM510432-0-GSM510432toGSM510435-Mouse-ovary;GSM51043-0-GSM51043toGSM510439-Mouse-testes;GSM510440-0-GSM510440toGSM510444-Mouse-brain;GSM510445-0-GSM510445toGSM510456_Mouse-Newborn;GSM510457-0-GSM510457toGSM510460_Mouse-Embryo-12.5days;GSM510461-0-GSM510461toGSM510464_Mouse-Embryo-9.5days;GSM510465-0-GSM510465toGSM510468_Mouse-Embryo-7.5days;GSM849855-0-NIH3T3-withoutAGO2IP;GSM849857-0-NIH3T3-AGO2IP;, 5' GCAGCGATGGCCGAGTGGTTAAGGCGTTGGACTTGAAATCCAATGGGGTCTCCCCGCGCAGGTTCGAACCCTGCTCGCTGCGCTATCGTCCTTCTGCCCAGCGATCTT 3', Start:83 - End:108, CTATCGTCCTTCTGCCCAGCGATCTT 
1023, mouse, trf-1, chr4-10801211-10801292, chr4.trna16-SerAGA, GSM314552-15-Mouse-Embryonic-Stem-cell;GSM314553-9-Mouse-Embryonic-Stem-cell-dcr--;GSM314557-15-Mouse-Embryonic-Stem-cell-dgcr8--;GSM416611-79-NIH3T3;GSM416732-114-MEF;GSM510432-0-GSM510432toGSM510435-Mouse-ovary;GSM51043-0-GSM51043toGSM510439-Mouse-testes;GSM510440-0-GSM510440toGSM510444-Mouse-brain;GSM510445-1-GSM510445toGSM510456_Mouse-Newborn;GSM510457-2-GSM510457toGSM510460_Mouse-Embryo-12.5days;GSM510461-0-GSM510461toGSM510464_Mouse-Embryo-9.5days;GSM510465-1-GSM510465toGSM510468_Mouse-Embryo-7.5days;GSM849855-0-NIH3T3-withoutAGO2IP;GSM849857-0-NIH3T3-AGO2IP;, 5' GGCGCGGTGGCCAAGTGGTAAGGCGTCGGTCTCGTAAACCGAAGATCGCGGGTTCGAACCCCGTCCGTGCCTGAAGGGAATGTTTT 3', Start:73 - End:86, GAAGGGAATGTTTT 
1024, mouse, trf-1, chr5-125889457-125889386, chr5.trna1314-AspGTC, GSM314552-43-Mouse-Embryonic-Stem-cell;GSM314553-21-Mouse-Embryonic-Stem-cell-dcr--;GSM314557-37-Mouse-Embryonic-Stem-cell-dgcr8--;GSM416611-31-NIH3T3;GSM416732-21-MEF;GSM510432-0-GSM510432toGSM510435-Mouse-ovary;GSM51043-0-GSM51043toGSM510439-Mouse-testes;GSM510440-0-GSM510440toGSM510444-Mouse-brain;GSM510445-1-GSM510445toGSM510456_Mouse-Newborn;GSM510457-1-GSM510457toGSM510460_Mouse-Embryo-12.5days;GSM510461-3-GSM510461toGSM510464_Mouse-Embryo-9.5days;GSM510465-1-GSM510465toGSM510468_Mouse-Embryo-7.5days;GSM849855-0-NIH3T3-withoutAGO2IP;GSM849857-0-NIH3T3-AGO2IP;, 5' GGCGCGGTGGCCAAGTGGTAAGGCGTCGGTCTCGTAAACCGAAGATCACGGGTTCGAACCCCGTCCGTGCCTGCTAACAGTGGTTTT 3', Start:73 - End:87, GCTAACAGTGGTTTT 
1025, mouse, trf-1, chr13-21947262-21947189, chr13.trna990-IleAAT, GSM314552-17-Mouse-Embryonic-Stem-cell;GSM314553-23-Mouse-Embryonic-Stem-cell-dcr--;GSM314557-25-Mouse-Embryonic-Stem-cell-dgcr8--;GSM416611-3-NIH3T3;GSM416732-14-MEF;GSM510432-0-GSM510432toGSM510435-Mouse-ovary;GSM51043-0-GSM51043toGSM510439-Mouse-testes;GSM510440-0-GSM510440toGSM510444-Mouse-brain;GSM510445-2-GSM510445toGSM510456_Mouse-Newborn;GSM510457-5-GSM510457toGSM510460_Mouse-Embryo-12.5days;GSM510461-5-GSM510461toGSM510464_Mouse-Embryo-9.5days;GSM510465-2-GSM510465toGSM510468_Mouse-Embryo-7.5days;GSM849855-0-NIH3T3-withoutAGO2IP;GSM849857-0-NIH3T3-AGO2IP;, 5' GGGGGTATAGCTCAGTGGTAGAGCATTTGACTGCAGATCAAGAGGTCCCCGGTTCAAATCCGGGTGCCCCCTGTAAACTGCTTAGATTTT 3', Start:73 - End:90, GTAAACTGCTTAGATTTT 
1026, mouse, trf-1, chr6-47928996-47929067, chr6.trna157-CysGCA, GSM314552-0-Mouse-Embryonic-Stem-cell;GSM314553-0-Mouse-Embryonic-Stem-cell-dcr--;GSM314557-0-Mouse-Embryonic-Stem-cell-dgcr8--;GSM416611-1-NIH3T3;GSM416732-2-MEF;GSM510432-0-GSM510432toGSM510435-Mouse-ovary;GSM51043-0-GSM51043toGSM510439-Mouse-testes;GSM510440-0-GSM510440toGSM510444-Mouse-brain;GSM510445-0-GSM510445toGSM510456_Mouse-Newborn;GSM510457-0-GSM510457toGSM510460_Mouse-Embryo-12.5days;GSM510461-0-GSM510461toGSM510464_Mouse-Embryo-9.5days;GSM510465-0-GSM510465toGSM510468_Mouse-Embryo-7.5days;GSM849855-0-NIH3T3-withoutAGO2IP;GSM849857-0-NIH3T3-AGO2IP;, 5' GGCCCTATAGCTCAGGGGTTAGAGCACTGGTCTTGTAAACCAGGGGTCGCGAGTTCAAATCTCGCTGGGGCCTTACAGGCCCATAGTCGAGGGGCACTCTTTT 3', Start:74 - End:103, TACAGGCCCATAGTCGAGGGGCACTCTTTT 
1027, mouse, trf-1, chr9-123438615-123438543, chr9.trna783-ArgACG, GSM314552-6-Mouse-Embryonic-Stem-cell;GSM314553-6-Mouse-Embryonic-Stem-cell-dcr--;GSM314557-10-Mouse-Embryonic-Stem-cell-dgcr8--;GSM416611-5-NIH3T3;GSM416732-12-MEF;GSM510432-0-GSM510432toGSM510435-Mouse-ovary;GSM51043-0-GSM51043toGSM510439-Mouse-testes;GSM510440-0-GSM510440toGSM510444-Mouse-brain;GSM510445-0-GSM510445toGSM510456_Mouse-Newborn;GSM510457-8-GSM510457toGSM510460_Mouse-Embryo-12.5days;GSM510461-0-GSM510461toGSM510464_Mouse-Embryo-9.5days;GSM510465-1-GSM510465toGSM510468_Mouse-Embryo-7.5days;GSM849855-0-NIH3T3-withoutAGO2IP;GSM849857-0-NIH3T3-AGO2IP;, 5' GGTTCCATAGTGTAGCGGTTATCACGTCTGCTTTACACGCAGAAGGTCCTGGGTTCGAGCCCCAGTGGAACCAACGTGTGCGATCTT 3', Start:74 - End:87, ACGTGTGCGATCTT 
1028, mouse, trf-1, chrX-157204042-157204114, chrX.trna459-ValTAC, GSM314552-11-Mouse-Embryonic-Stem-cell;GSM314553-12-Mouse-Embryonic-Stem-cell-dcr--;GSM314557-27-Mouse-Embryonic-Stem-cell-dgcr8--;GSM416611-22-NIH3T3;GSM416732-30-MEF;GSM510432-0-GSM510432toGSM510435-Mouse-ovary;GSM51043-0-GSM51043toGSM510439-Mouse-testes;GSM510440-0-GSM510440toGSM510444-Mouse-brain;GSM510445-0-GSM510445toGSM510456_Mouse-Newborn;GSM510457-0-GSM510457toGSM510460_Mouse-Embryo-12.5days;GSM510461-0-GSM510461toGSM510464_Mouse-Embryo-9.5days;GSM510465-1-GSM510465toGSM510468_Mouse-Embryo-7.5days;GSM849855-0-NIH3T3-withoutAGO2IP;GSM849857-0-NIH3T3-AGO2IP;, 5' GGTTCCATAGTGTAGCGGTTATCACGTCTGCTTTACACGCAGAAGGTCCTGGGTTCGAGCCCCAGTGGAACCATAGCTGCAAAGCCAGCTGACATTTT 3', Start:74 - End:98, TAGCTGCAAAGCCAGCTGACATTTT 
1034, mouse, trf-1, chr7-86611305-86611377, chr7.trna387-ArgTCG, GSM314552-17-Mouse-Embryonic-Stem-cell;GSM314553-16-Mouse-Embryonic-Stem-cell-dcr--;GSM314557-18-Mouse-Embryonic-Stem-cell-dgcr8--;GSM416611-5-NIH3T3;GSM416732-17-MEF;GSM510432-0-GSM510432toGSM510435-Mouse-ovary;GSM51043-0-GSM51043toGSM510439-Mouse-testes;GSM510440-0-GSM510440toGSM510444-Mouse-brain;GSM510445-0-GSM510445toGSM510456_Mouse-Newborn;GSM510457-1-GSM510457toGSM510460_Mouse-Embryo-12.5days;GSM510461-0-GSM510461toGSM510464_Mouse-Embryo-9.5days;GSM510465-0-GSM510465toGSM510468_Mouse-Embryo-7.5days;GSM849855-0-NIH3T3-withoutAGO2IP;GSM849857-0-NIH3T3-AGO2IP;, 5' CCTTCGATAGCTCAGCTGGTAGAGCGGAGGACTGTAGGCTTGTGGCTGTGGACATCCTTAGGTCGCTGGTTCGATTCCGGCTCGAAGGAACTTGTATGTTGTTTT 3', Start:90 - End:105, ACTTGTATGTTGTTTT 
1035, mouse, trf-1, chr16-13437416-13437487, chr16.trna50-ThrCGT, GSM314552-0-Mouse-Embryonic-Stem-cell;GSM314553-0-Mouse-Embryonic-Stem-cell-dcr--;GSM314557-0-Mouse-Embryonic-Stem-cell-dgcr8--;GSM416611-39-NIH3T3;GSM416732-8-MEF;GSM510432-0-GSM510432toGSM510435-Mouse-ovary;GSM51043-0-GSM51043toGSM510439-Mouse-testes;GSM510440-0-GSM510440toGSM510444-Mouse-brain;GSM510445-0-GSM510445toGSM510456_Mouse-Newborn;GSM510457-0-GSM510457toGSM510460_Mouse-Embryo-12.5days;GSM510461-0-GSM510461toGSM510464_Mouse-Embryo-9.5days;GSM510465-0-GSM510465toGSM510468_Mouse-Embryo-7.5days;GSM849855-2-NIH3T3-withoutAGO2IP;GSM849857-0-NIH3T3-AGO2IP;, 5' GGACCAGTGGTGCAATGGATAACACGTCTGACTATGGATCAGAAGATTCTAGGTTCGACTCCTGTCTGGCTCGGCCCTCTTTCCGTGTGGATTTAAGAATTTT 3', Start:74 - End:103, GCCCTCTTTCCGTGTGGATTTAAGAATTTT 
